T_URL,tracker_count,tracker_org
01net.com,1,01net
5ijo.01net.com,1,01net
securite.01net.com,2,01net
sync.1dmp.io,2,CleverDATA
pixel.33across.com,1,33Across
ssc-cms.33across.com,1,33Across
ssc.33across.com,1,33Across
tcr.tynt.com,1,33Across
dsp.adotmob.com,3,A.Mob
sync.adotmob.com,1,A.Mob
try.abtasty.com,2,AB Tasty
c.aaxads.com,3,Acceptable Ads Exchange
tag.audience.acpm.fr,3,ACPM - Responsable Informatique
tagan.adlightning.com,1,Ad Lightning
k8koqj6y4b.s.ad6media.fr,1,AD6MEDIA
static.addtoany.com,1,AddToAny
adx.adform.net,2,Adform
c1.adform.net,11,Adform
cm.adform.net,1,Adform
dmp.adform.net,5,Adform
s1.adform.net,3,Adform
track.adform.net,6,Adform
jasper.112.2o7.net,1,Adobe
kakakucom.112.2o7.net,2,Adobe
adobe-sync.dotomi.com,1,Adobe
adobe.com,1,Adobe
adobe.demdex.net,1,Adobe
adobe.tt.omtrdc.net,1,Adobe
adobeid-na1.services.adobe.com,1,Adobe
ampconfig.sc.omtrdc.net,1,Adobe
assets.adobedtm.com,1,Adobe
b2w.d3.sc.omtrdc.net,1,Adobe
britishskybroadcasti.tt.omtrdc.net,1,Adobe
bskyb.demdex.net,1,Adobe
cba.demdex.net,1,Adobe
cm.everesttech.net,1,Adobe
flipkart.d1.sc.omtrdc.net,1,Adobe
geo2.adobe.com,1,adobe
hdfcbank.sc.omtrdc.net,1,Adobe
hdfcbank.tt.omtrdc.net,1,Adobe
malayalamanorama.d3.sc.omtrdc.net,1,Adobe
malayalamanorama.tt.omtrdc.net,1,Adobe
mboxedge.tt.omtrdc.net,1,Adobe
microsoftmscompoc.tt.omtrdc.net,1,Adobe
nflenterprises.tt.omtrdc.net,1,Adobe
pluralsight.sc.omtrdc.net,1,Adobe
pluralsight.tt.omtrdc.net,1,Adobe
posteitalianespa.sc.omtrdc.net,1,Adobe
prisacom.sc.omtrdc.net,2,Adobe
riafinancial.d2.sc.omtrdc.net,1,Adobe
sstats.adobe.com,1,adobe
telegraphmediagroupl.tt.omtrdc.net,1,Adobe
vocento.d3.sc.omtrdc.net,1,Adobe
dpm.demdex.net,41,Adobe
ebayinc.demdex.net,2,Adobe
lnkd.demdex.net,1,Adobe
mscom.demdex.net,1,Adobe
nba.demdex.net,1,Adobe
samsungseao.demdex.net,1,Adobe
tmg.demdex.net,1,Adobe
rtd-tm.everesttech.net,1,Adobe
sync-tm.everesttech.net,7,Adobe
munchkin.marketo.net,2,Adobe
s.adroll.com,1,AdRoll
c.adsco.re,2,Adscore
ad.as.amanad.adtdp.com,1,CyberAgent
adserver-us.adtech.advertising.com,8,adtech
rtb.adentifi.com,1,AdTheorent
ad.adverticum.net,1,Adverticum Zrt
hb-api.omnitagjs.com,3,Adyoulike
x01.aidata.io,3,Aidata
c.go-mpulse.net,3,Akamai
s.go-mpulse.net,16,Akamai
s2.go-mpulse.net,2,Akamai
48t5im.tdum.alibaba.com,1,Alibaba
5ca5xg.tdum.alibaba.com,1,Alibaba
6p2zb0.tdum.alibaba.com,1,Alibaba
acs.aliexpress.com,1,Alibaba
aliexpress.com,1,Alibaba
cdp.aliexpress.com,1,Alibaba
d7r10x.tdum.alibaba.com,1,Alibaba
gpsfront.aliexpress.com,1,Alibaba
localhost.wwbizsrv.alibaba.com,1,Alibaba
message.aliexpress.com,1,Alibaba
umlazada.alibaba.com,1,Alibaba
lighthouse.aliexpress.com,1,Alibaba
aax-eu.amazon-adsystem.com,8,Amazon
aax-fe-sin.amazon-adsystem.com,1,Amazon
aax-fe.amazon-adsystem.com,1,Amazon
aax-us-east.amazon-adsystem.com,1,Amazon
aax.amazon-adsystem.com,1,Amazon
amazon.partners.tremorhub.com,9,Amazon
api.amplitude.com,3,Amazon
c.amazon-adsystem.com,47,Amazon
cdn.amplitude.com,2,Amazon
certify-js.alexametrics.com,14,Amazon
certify.alexametrics.com,9,Amazon
s.amazon-adsystem.com,4,Amazon
z-na.amazon-adsystem.com,1,Amazon
dmg.digitaltarget.ru,1,AmberData
ad.turn.com,2,Amobee
d.turn.com,1,Amobee
sync.tidaltv.com,1,Amobee
script.ownpage.fr,1,Ano Nymous
ad2.apx.appier.net,3,Appier
apn.c.appier.net,1,Appier
g.c.appier.net,1,Appier
prebid-cdn.apx.appier.net,1,Appier
gocm.c.appier.net,2,Appier
prebid-analytics.c.appier.net,1,Appier
apple.com,1,Apple
securemetrics.apple.com,1,Apple
securemvt.apple.com,1,Apple
linkmaker.itunes.apple.com,1,Apple
creative.dailymail.co.uk,1,Associated Newspapers
crta.dailymail.co.uk,1,Associated Newspapers
dailymail.co.uk,1,Associated Newspapers
fff.dailymail.co.uk,1,Associated Newspapers
i.dailymail.co.uk,1,Associated Newspapers
scripts.dailymail.co.uk,1,Associated Newspapers
secured.dailymail.co.uk,1,Associated Newspapers
t.dailymail.co.uk,1,Associated Newspapers
ted.dailymail.co.uk,1,Associated Newspapers
video.dailymail.co.uk,1,Associated Newspapers
logs.xiti.com,1,AT Internet
logs1187.xiti.com,1,AT Internet
logs1202.xiti.com,2,AT Internet
logs1215.xiti.com,1,AT Internet
logs1238.xiti.com,1,AT Internet
logs13.xiti.com,1,AT Internet
logs1407.xiti.com,1,AT Internet
logs1410.xiti.com,1,AT Internet
logs4.xiti.com,1,AT Internet
logc279.xiti.com,1,AT Internet
baidu.com,1,Baidu
hm.baidu.com,7,Baidu
passport.baidu.com,1,Baidu
pos.baidu.com,3,Baidu
push.zhanzhang.baidu.com,1,Baidu
sp0.baidu.com,1,Baidu
sp1.baidu.com,1,Baidu
sp2.baidu.com,1,Baidu
sp3.baidu.com,1,Baidu
match.prod.bidr.io,1,Beeswax
bttrack.com,2,Bidtellect
upapi.net,1,Blockthrough
mrb.upapi.net,2,Blockthrough
cdn.blueconic.net,1,BlueConic
ml314.com,1,Bombora
accommodations.booking.com,1,Booking.com
booking.com,1,Booking.com
tag.bounceexchange.com,1,Bounce Exchange
js.rtoaster.jp,1,BrainPad
api2.branch.io,1,Branch Metrics
app.link,1,Branch Metrics
cdn.branch.io,2,Branch Metrics
prebid.scupio.com,3,Bridgewell
a.bf-ad.net,2,BurdaForward GmbH
exchange.buzzoola.com,3,Buzzoola
tiktok.com,1,Bytedance
p.cpx.to,1,Captify
static.chartbeat.com,28,Chartbeat
cdn.appdynamics.com,2,Cisco Systems
cdnssl.clicktale.net,1,ClickTale
ak.sail-horizon.com,3,CM Group
consent.cmp.oath.com,2,cmp
tags.srv.stackadapt.com,1,Collective Roll
news.sky.com,1,Comcast
smetrics.sky.com,1,Comcast
usocial.pro,1,Compubyte
sb.scorecardresearch.com,88,comScore
vgi-digital.containers.piwik.pro,1,Piwik
cdn.digitru.st,1,Cookie Trust
prebid.digitru.st,2,Cookie Trust
bidder.criteo.com,24,Criteo
cas.criteo.com,1,Criteo
gum.criteo.com,6,Criteo
rtax.criteo.com,1,Criteo
sslwidget.criteo.com,1,Criteo
static.criteo.net,59,Criteo
c.evidon.com,2,Crownpeak
scdn.cxense.com,5,Cxense
hbw.adjust-net.jp,1,Cyber Communications
ae.dmxleo.com,1,Dailymotion
public-prod-datacollectionsvc.dmxleo.com,1,Dailymotion
public-prod-dspcookiematching.dmxleo.com,3,Dailymotion
js.datadome.co,3,DataDome
sofia.trustx.org,1,DCN
api.company-target.com,1,Demandbase
api.demandbase.com,1,Demandbase
cdn.districtm.io,2,District M
dmx.districtm.io,4,District M
p.dmm.co.jp,1,DMM.com
dmm.co.jp,1,DMM.com
app.medyanetads.com,2,Dogan Internet Yayinciligi ve Yatirim
js.driftt.com,2,Drift.com
api7831.d41.co,1,Dun & Bradstreet
cdn-0.d41.co,1,Dun & Bradstreet
c.us1.dyntrk.com,1,DynAdmic
st.dynamicyield.com,1,Dynamic Yield
ebay.com,9,Ebay
gha.ebay.com,2,Ebay
ocsrest.ebay.com,2,Ebay
pages.ebay.com,9,Ebay
rover.ebay.com,9,Ebay
signin.ebay.com,3,Ebay
svcs.ebay.com,7,Ebay
counter.yadro.ru,21,ECO PC - Complex Solutions
me-ssl.effectivemeasure.net,1,Effective Measure International
t.effectivemeasure.net,1,Effective Measure International
t1.effectivemeasure.net,1,Effective Measure International
dyn.emetriq.de,1,emetriq
tag.clrstm.com,1,EMX Digital
biddr.brealtime.com,1,EMX Digital
hb.emxdgt.com,3,Engine USA
cs.emxdgt.com,1,Engine USA
nexus.ensighten.com,2,Ensighten
exoclick.com,1,ExoClick
a.exdynsrv.com,2,ExoClick
a.exosrv.com,1,ExoClick
ads.exoclick.com,4,ExoClick
tags.expo9.exponential.com,2,Exponential Interactive
a.tribalfusion.com,4,Exponential Interactive
ps.eyeota.net,1,eyeota
instagram.com,5,Facebook
facebook.com,53,Facebook
connect.facebook.net,62,Facebook
cx.atdmt.com,1,Facebook
graph.instagram.com,1,facebook
config-prod.choice.faktor.io,3,Faktor.io
fastly-insights.com,2,Fastly
fc2.com,1,FC2
gdpr.fc2.com,1,FC2
media.fc2.com,1,FC2
static.fc2.com,1,FC2
servedby.flashtalking.com,1,Flashtalking
fpn.flipboard.com,1,Flipboard
load.fomo.com,1,Fomo
gateway.foresee.com,2,ForeSee Results
pixel.placed.com,2,Foursquare Labs
sync.fout.jp,1,FreakOut Holdings
ads.stickyadstv.com,11,FreeWheel
7dcde.v.fwmrm.net,1,Fwmrm
allegro.hit.gemius.pl,1,Gemius
arbo.hit.gemius.pl,1,Gemius
gaae.hit.gemius.pl,1,Gemius
gaby1.hit.gemius.pl,1,Gemius
gacz.hit.gemius.pl,3,Gemius
gahu.hit.gemius.pl,1,Gemius
gapt.hit.gemius.pl,1,Gemius
gatr.hit.gemius.pl,3,Gemius
gaua.hit.gemius.pl,1,Gemius
gazeta.hit.gemius.pl,1,Gemius
gdecz.hit.gemius.pl,1,Gemius
gemius.pl,1,Gemius
ghmpl.hit.gemius.pl,1,Gemius
idm.hit.gemius.pl,1,Gemius
interia.hit.gemius.pl,1,Gemius
interiaao.hit.gemius.pl,1,Gemius
iwa.hit.interia.pl,1,Gemius
iwa3.hit.interia.pl,1,Gemius
ls.hit.gemius.pl,2,Gemius
onet.hit.gemius.pl,1,Gemius
pro.hit.gemius.pl,2,Gemius
spir.hit.gemius.pl,1,Gemius
tvn.hit.gemius.pl,1,Gemius
ua.hit.gemius.pl,1,Gemius
wp.hit.gemius.pl,1,Gemius
rt.gsspat.jp,1,Geniee
px.adhigh.net,5,GetIntent
events.api.godaddy.com,1,Godaddy
gui.godaddy.com,1,Godaddy
in.godaddy.com,1,Godaddy
parked-content.godaddy.com,1,Godaddy
s0.2mdn.net,14,Google
4898337.fls.doubleclick.net,1,Google
4945378.fls.doubleclick.net,1,Google
5463416.fls.doubleclick.net,1,Google
6372968.fls.doubleclick.net,1,Google
6498008.fls.doubleclick.net,2,Google
8114842.fls.doubleclick.net,1,Google
8376301.fls.doubleclick.net,1,Google
8649452.fls.doubleclick.net,1,Google
9120855.fls.doubleclick.net,1,Google
ad.doubleclick.net,8,Google
adservice.google.ru,1,Google
bid.g.doubleclick.net,2,Google
cm.g.doubleclick.net,32,Google
google-analytics.com,176,Google
googleads.g.doubleclick.net,18,Google
googleadservices.com,24,Google
googletagmanager.com,241,Google
googletagservices.com,94,Google
pagead2.googlesyndication.com,43,Google
partner.googleadservices.com,1,Google
pubads.g.doubleclick.net,10,Google
securepubads.g.doubleclick.net,86,Google
ssl.google-analytics.com,20,Google
static.doubleclick.net,9,Google
stats.g.doubleclick.net,12,Google
tpc.googlesyndication.com,2,Google
g2.gumgum.com,3,GumGum
rtb.gumgum.com,1,GumGum
web.hb.ad.cpe.dotomi.com,2,Dotomi.com
aps.hearstnp.com,1,Hearst Communications
projects.hearstnp.com,1,Hearst Communications
realm.hearstnp.com,1,Hearst Communications
treg.hearstnp.com,1,Hearst Communications
static.hotjar.com,15,Hotjar
dm.hybrid.ai,2,Hybrid Adtech
hbe199.hybrid.ai,1,Hybrid Adtech
id5-sync.com,3,ID5
ice.360yield.com,4,Improve Digital
ad2.360yield.com,2,Improve Digital
autocomplete.indeed.com,1,Indeed
secure.indeed.com,1,indeed
dsum-sec.casalemedia.com,1,Index Exchange
ssum-sec.casalemedia.com,12,Index Exchange
ssum.casalemedia.com,4,Index Exchange
a4941.casalemedia.com,1,Index Exchange
as-sec.casalemedia.com,24,Index Exchange
js-sec.indexww.com,17,Index Exchange
de.ioam.de,4,INFOnline
irqs.ioam.de,1,INFOnline
script.ioam.de,6,INFOnline
script-at.iocnt.net,1,INFOnline
px.owneriq.net,1,Inmar
pixel.adsafeprotected.com,3,Integral Ad Science
cdn.adsafeprotected.com,6,Integral Ad Science
js.nagich.co.il,1,Interdeal development
adc.interia.pl,1,Interia
d.iplsc.com,1,Interia
ifr-lib.interia.pl,1,Interia
prywatnosc.interia.pl,1,Interia
i.iplsc.com,1,Interia
iwa.iplsc.com,1,Interia
js.iplsc.com,1,Interia
l.iplsc.com,1,Interia
sgs.iplsc.com,1,Interia
interia.pl,1,Interia
expert-pb.adriver.ru,1,Internest-holding
pb.adriver.ru,5,Internest-holding
ssp.adriver.ru,1,Internest-holding
ua-content.adriver.ru,1,Internest-holding
ad.adriver.ru,1,Internest-holding
content.adriver.ru,1,Internest-holding
bbcdn-bbnaut.ibillboard.com,1,Internet Billboard
cdn.onthe.io,1,IO
x.bidswitch.net,16,IPONWEB
rtb.mfadsrvr.com,1,IPONWEB
iolam.it,2,ItaliaOnLine
i.plug.it,2,ItaliaOnLine
wips.plug.it,2,ItaliaOnLine
pre.ads.justpremium.com,2,JustPremium
lmyd3iz3qn.kameleoon.eu,1,Kameleoon
cdn.keywee.co,1,Keywee
static.klaviyo.com,1,Klaviyo
tr.brand-display.com,1,Knorex
px.ads.linkedin.com,4,LinkedIn
linkedin.com,2,LinkedIn
dc.ads.linkedin.com,1,LinkedIn
platform.linkedin.com,2,linkedin
cdn.livechatinc.com,1,LiveChat
imgprx.livejournal.net,1,Livejournal
l-files.livejournal.net,1,Livejournal
l-stat.livejournal.net,1,Livejournal
lptag.liveperson.net,1,LivePerson
icici.nanorep.co,1,LogMeIn
csync.loopme.me,2,LoopMe
privacy.crwdcntrl.net,1,Lotame Solutions
sync.crwdcntrl.net,1,Lotame Solutions
tags.crwdcntrl.net,10,Lotame Solutions
ad.crwdcntrl.net,7,Lotame Solutions
usersync.samplicio.us,2,Lucid Holdings
1gr.cz,1,"MAFRA, a.s."
a.1gr.cz,1,"MAFRA, a.s."
js.matheranalytics.com,1,Mather Economics
device.maxmind.com,1,MaxMind
nebula-cdn.kampyle.com,1,Medallia
cdnapac-xch.media.net,1,Media.net Advertising
contextual.media.net,1,Media.net Advertising
hbx.media.net,1,Media.net Advertising
pixel.mathtag.com,2,MediaMath
sync.mathtag.com,4,MediaMath
prof.estat.com,2,Médiamétrie
w.estat.com,4,Médiamétrie
auth.estat.com,1,Médiamétrie
lb1.s400.meetrics.net,1,Meetrics.net
prebid.mgid.com,1,MGID
servicer.mgid.com,2,MGID
ib.adnxs.com,66,Microsoft
prebid.adnxs.com,3,Microsoft
rb.adnxs.com,1,Microsoft
secure.adnxs.com,10,Microsoft
p.adsymptotic.com,1,Microsoft
msn.com,1,Microsoft
acdn.adnxs.com,22,Microsoft
arc.msn.com,1,Microsoft
bizographics.com,1,Microsoft
c.msn.com,1,Microsoft
crcdn01.adnxs.com,1,Microsoft
srtb.msn.com,1,Microsoft
web.vortex.data.msn.com,1,Microsoft
apv-launcher.minute.ly,1,Minute Spoteam
cdn.mxpnl.com,1,Mixpanel
mmtro.com,1,Mmtro
tgt.mmtro.com,1,Mmtro
w.usabilla.com,1,Momentive
cdn.mouseflow.com,1,Mouseflow
a.postrelease.com,1,Nativo
tag.navdmp.com,2,Navegg
cd.navdmp.com,1,Navegg
section.blog.naver.com,1,Naver
naver.com,1,Naver
apis.naver.com,1,Naver
castbox.shopping.naver.com,1,Naver
lcs.naver.com,2,Naver
tivan.naver.com,1,Naver
veta.naver.com,1,Naver
wcs.naver.net,1,Naver
static.nid.naver.com,1,Naver
l.www.naver.com,1,Naver
gfp.veta.naver.com,1,Naver
nv.veta.naver.com,1,Naver
siape.veta.naver.com,1,Naver
interia.api.dmp.nsaudience.pl,1,nazwa.pl
gdpr.api.dmp.nsaudience.pl,1,nazwa.pl
pixel.zprk.io,1,Near
js.agkn.com,7,Neustar
aa.agkn.com,3,Neustar
insights-collector.newrelic.com,1,New Relic
js-agent.newrelic.com,23,New Relic
au.tags.newscgp.com,1,News
ad.lkqd.net,3,Nexstar Media Group
lciapi.ninthdecimal.com,2,NinthDecimal
static.wikia.nocookie.net,1,Nocookie
si.nuggad.net,1,nugg.ad
onesignal.com,1,OneSignal
cdn.onesignal.com,7,OneSignal
adpushup-d.openx.net,1,OpenX
ask-media-group-d.openx.net,1,OpenX
boredpanda-d.openx.net,1,OpenX
clcommunications-d.openx.net,1,OpenX
genieeintl-d.openx.net,1,OpenX
hatena-d.openx.net,1,OpenX
hearstnewspapers-d.openx.net,1,OpenX
kompascybermedia-d.openx.net,2,OpenX
mailonline-uk-d.openx.net,1,OpenX
mobile01-d.openx.net,1,OpenX
nextregie-d.openx.net,2,OpenX
pelmorex-d.openx.net,1,OpenX
pubgalaxy-d.openx.net,1,OpenX
rtb.openx.net,1,OpenX
sendtonews-d.openx.net,1,OpenX
snigel-d.openx.net,1,OpenX
telegraph-d.openx.net,1,OpenX
tunein-d.openx.net,1,OpenX
u.openx.net,12,OpenX
ubh-d.openx.net,1,OpenX
us-u.openx.net,10,OpenX
service.maxymiser.net,1,Oracle
geo.moatads.com,1,Oracle
mb.moatads.com,1,Oracle
px.moatads.com,1,Oracle
z.moatads.com,7,Oracle
s7.addthis.com,4,Oracle
tags.bkrtx.com,5,Oracle
stags.bluekai.com,3,Oracle
tags.bluekai.com,4,Oracle
apx.moatads.com,1,Oracle
amplify.outbrain.com,5,Outbrain
amplifypixel.outbrain.com,2,Outbrain
b1-sadc1.zemanta.com,1,Outbrain
b1sync.zemanta.com,1,Outbrain
b1t-sadc1.zemanta.com,1,Outbrain
stas.outbrain.com,1,Outbrain
widgets.outbrain.com,7,Outbrain
images2.zemanta.com,1,Outbrain
production-cmp.isgprivacy.cbsi.com,1,Paramount Global
cdn.parsely.com,4,Parsely
srv-2020-07-01-20.pixel.parsely.com,1,Parsely
paypal.com,1,Paypal
t.paypal.com,1,paypal
widget.perfectmarket.com,1,Perfect Market
client.px-cloud.net,1,PerimeterX
collector-pxhyx10rg3.px-cloud.net,1,PerimeterX
collector-pxikkul2rm.perimeterx.net,1,PerimeterX
cdn.permutive.com,8,Permutive
cdn.cxense.com,2,Piano Software
my.rtmark.net,5,Propeller Ads
js.ptengine.jp,1,PTMIND
stat.sputnik.ru,1,"Public Joint Stock Company ""Rostelecom"""
get.optad360.io,2,Publishers Revenue Optimization
ads.pubmatic.com,19,PubMatic
hbopenbid.pubmatic.com,13,PubMatic
image2.pubmatic.com,2,PubMatic
image6.pubmatic.com,9,PubMatic
image8.pubmatic.com,4,PubMatic
boot.pubstack.io,2,Pubstack
bh.contextweb.com,1,Pulsepoint
bid.contextweb.com,1,Pulsepoint
3gimg.qq.com,1,qq
cl.qualaroo.com,1,Qualaroo
dntcl.qualaroo.com,1,Qualaroo
geo.qualaroo.com,1,Qualaroo
pixel.quantserve.com,3,Quantcast
secure.quantserve.com,10,Quantcast
quora.com,1,Quora
a.quora.com,1,Quora
log.quora.com,1,quora
ias.r10s.jp,1,Rakuten
r.r10s.jp,1,Rakuten
id.rambler.ru,3,Rambler Internet Holding
kraken.rambler.ru,2,Rambler Internet Holding
prime.rambler.ru,2,Rambler Internet Holding
rcmjs.rambler.ru,3,Rambler Internet Holding
ssp.rambler.ru,4,Rambler Internet Holding
static.rambler.ru,1,Rambler Internet Holding
store.rambler.ru,1,Rambler Internet Holding
sync.rambler.ru,1,Rambler Internet Holding
vp.rambler.ru,2,Rambler Internet Holding
c.rambler.ru,1,Rambler Internet Holding
counter.rambler.ru,1,Rambler Internet Holding
rambler.ru,1,Rambler Internet Holding
img01.ssp.rambler.ru,1,Rambler Internet Holding
img02.ssp.rambler.ru,1,Rambler Internet Holding
profile.ssp.rambler.ru,1,Rambler Internet Holding
sandbox.ssp.rambler.ru,1,Rambler Internet Holding
st.top100.ru,5,Rambler Internet Holding
2a9599fd666a.bitsngo.net,1,Ray Networks
d8b981ea2ecd.bitsngo.net,1,Ray Networks
components.rcsobjects.it,1,RCS Mediagroup
components2.rcsobjects.it,2,RCS Mediagroup
dmpmetrics.rcsmetrics.it,1,RCS Mediagroup
smetrics.rcsmetrics.it,1,RCS Mediagroup
mirror.co.uk,1,Reach plc
felix.data.tm-awx.com,1,Reach plc
i2-prod.mirror.co.uk,1,Reach plc
s2-prod.mirror.co.uk,1,Reach plc
stmg-prod.mirror.co.uk,1,Reach plc
comm-api.mirror.co.uk,1,Reach plc
redditmedia.com,1,Reddit
redditstatic.com,1,Reddit
a.thumbs.redditmedia.com,1,Reddit
alb.reddit.com,1,Reddit
b.thumbs.redditmedia.com,1,Reddit
gateway.reddit.com,1,Reddit
gql.reddit.com,1,Reddit
reddit.com,1,Reddit
styles.redditmedia.com,1,Reddit
h.online-metrix.net,9,RELX Group
usllpic0-20566fd843d23a432c5249de2e972d511dc835fe-am1.e.aa.online-metrix.net,1,RELX Group
usllpic0-2e78cfe6eb324d4c18edc2498ee117344bddede5-am1.e.aa.online-metrix.net,1,RELX Group
usllpic0-580961426dbce558c087b8f9c61397c0d1c210c7-am1.e.aa.online-metrix.net,1,RELX Group
usllpic0-6fab83984c057e52f540ec5d09bc5e2c94378ac1-am1.e.aa.online-metrix.net,1,RELX Group
usllpic0-9c2bd189f35846f3ca83ef9016e5adf4ab340e67-am1.e.aa.online-metrix.net,1,RELX Group
usllpic0-c738db811844f45ef3fbc5eb6dbe2fbe7c87c934-am1.e.aa.online-metrix.net,1,RELX Group
usllpic0-d2fad095ae1d6d33b5e8495bc426f13a36ebae40-am1.e.aa.online-metrix.net,1,RELX Group
usllpic0-eef0fa5bf46e163151509dc22ba0e9448bf844e9-am1.e.aa.online-metrix.net,1,RELX Group
usllpic0-fc68e29f70d69312a391f64d59f9e00f4ee7b20e-am1.e.aa.online-metrix.net,1,RELX Group
betnetmed.advertserve.com,1,Renegade Internet
a.optmnstr.com,1,Retyp
a.optnmstr.com,1,Retyp
pix-us.revjet.com,1,RevJet
sync.1rx.io,3,RhythmOne
tag.1rx.io,2,RhythmOne
rp.gwallet.com,2,RhythmOne
k266d5zsl.onet.pl,1,Ringier Axel Springer
sgqcvfjvr.onet.pl,1,Ringier Axel Springer
onet.pl,1,Ringier Axel Springer
csr.onet.pl,1,Ringier Axel Springer
pm.w55c.net,1,Roku
jita.rtk.io,3,RTK.IO
sync.rtk.io,1,RTK.IO
bidder.rtk.io,2,RTK.IO
eus.rubiconproject.com,12,Rubicon Project
fastlane.rubiconproject.com,33,Rubicon Project
pixel-eu.rubiconproject.com,1,Rubicon Project
pixel.rubiconproject.com,2,Rubicon Project
prebid-a.rubiconproject.com,1,Rubicon Project
prebid-server.rubiconproject.com,2,Rubicon Project
secure-assets.rubiconproject.com,3,Rubicon Project
tap-secure.rubiconproject.com,1,Rubicon Project
token.rubiconproject.com,9,Rubicon Project
begun-sync.rutarget.ru,1,RuTarget
clientside-bidder.rutarget.ru,1,RuTarget
rambler-sync.rutarget.ru,1,RuTarget
usermatch.krxd.net,9,Salesforce.com
salesforce.com,1,Salesforce.com
omtr2.partners.salesforce.com,1,Salesforce.com
d.la2-c1-ia4.salesforceliveagent.com,1,Salesforce.com
beacon.krxd.net,1,Salesforce.com
cdn.krxd.net,8,Salesforce.com
consumer.krxd.net,1,Salesforce.com
cdn.scarabresearch.com,1,SAP
session-service.login.schibsted.com,1,Schibsted Media Group
jssdk.privacy.schibsted.com,1,Schibsted Media Group
sdk.pulse.schibsted.com,1,Schibsted Media Group
api.privacy.schibsted.com,1,Schibsted Media Group
cis.schibsted.com,2,Schibsted Media Group
searchanise.com,1,Searchanise
cdn.segment.com,4,Segment.io
h.imedia.cz,2,Seznam.cz
i.imedia.cz,2,Seznam.cz
ssp.imedia.cz,2,Seznam.cz
seznam.cz,2,Seznam.cz
geo.seznam.cz,1,Seznam.cz
login.seznam.cz,1,Seznam.cz
notifikace.seznam.cz,1,Seznam.cz
pocitadlolibise.seznam.cz,1,Seznam.cz
c-ko.imedia.cz,1,Seznam.cz
diskuze.seznam.cz,1,Seznam.cz
ws.sharethis.com,1,ShareThis
match.sharethrough.com,1,Sharethrough
native.sharethrough.com,4,Sharethrough
siteimproveanalytics.com,1,Siteimprove
zn0umm8znjpycgm2n-fiverr.siteintercept.qualtrics.com,1,Qualtrics
a.mailmunch.co,1,SixMix
prg.smartadserver.com,12,Smartadserver
prg3431.smartadserver.com,1,Smartadserver
sync.smartadserver.com,4,Smartadserver
www3.smartadserver.com,1,Smartadserver
www9.smartadserver.com,1,Smartadserver
tags-cdn.deployads.com,1,Snapsort
c.deployads.com,2,Snapsort
pb.ladsp.com,1,So-net Media Networks
apex.go.sonobi.com,1,Sonobi
get.s-onetag.com,1,Sovrn Holdings
ap.lijit.com,7,Sovrn Holdings
cdn.viglink.com,1,Sovrn Holdings
sync.search.spotxchange.com,11,SpotX
search.spotxchange.com,5,SpotX
lbs-ru1.ads.betweendigital.com,1,SSP Network
ads.betweendigital.com,7,SSP Network
statcounter.com,1,StatCounter
tracking.m6r.eu,1,Ströer Group
js.adscale.de,1,Ströer Group
tg.socdm.com,2,Supership
aol.socdm.com,1,Supership
d.socdm.com,1,Supership
ev.surveywall-api.survata.com,1,Survata
px.surveywall-api.survata.com,2,Survata
api.taboola.com,1,Taboola
c2.taboola.com,12,Taboola
cdn.taboola.com,22,Taboola
sg-trc-events.taboola.com,1,Taboola
trc-events.taboola.com,2,Taboola
trc.taboola.com,4,Taboola
pixel.tapad.com,1,Tapad
tapestry.tapad.com,1,Tapad
a.teads.tv,2,Teads
tags-eu.tiqcdn.com,1,Tealium
tags.tiqcdn.com,16,Tealium
telegram.org,1,Telegram Messenger LLP
ads.us.e-planning.net,1,Teroa
t.myvisualiq.net,2,The Nielsen Company
vt.myvisualiq.net,1,The Nielsen Company
loadeu.exelator.com,1,The Nielsen Company
loadus.exelator.com,10,The Nielsen Company
seccdn-gl.imrworldwide.com,2,The Nielsen Company
secure-gl.imrworldwide.com,1,The Nielsen Company
secure-it.imrworldwide.com,3,The Nielsen Company
secure-us.imrworldwide.com,1,The Nielsen Company
cdn-gl.imrworldwide.com,9,The Nielsen Company
cdn.exelator.com,1,The Nielsen Company
match.adsrvr.org,16,The Trade Desk
popads.net,1,Tomksoft
static.popads.net,1,Tomksoft
tradedoubler.com,1,TradeDoubler
impes.tradedoubler.com,2,TradeDoubler
swrap.tradedoubler.com,1,TradeDoubler
s.thebrighttag.com,1,TransUnion
s.btstatic.com,1,TransUnion
mpsnare.iesnare.com,1,TransUnion
dt-secure.videohub.tv,1,Tremor Video DSP
eb2.3lift.com,7,TripleLift
ib.3lift.com,1,TripleLift
tlx.3lift.com,9,TripleLift
playerservices.live.streamtheworld.com,2,Triton Digital
consent.trustarc.com,2,TrustArc
widget.trustpilot.com,1,Trustpilot
fr.web.img2.acsta.net,1,TUDO GOSTOSO INTERNET
fr.web.img3.acsta.net,1,TUDO GOSTOSO INTERNET
fr.web.img4.acsta.net,1,TUDO GOSTOSO INTERNET
fr.web.img5.acsta.net,1,TUDO GOSTOSO INTERNET
fr.web.img6.acsta.net,1,TUDO GOSTOSO INTERNET
analytics.twitter.com,17,twitter
platform.twitter.com,10,twitter
syndication.twitter.com,14,Twitter
tag.targeting.unrulymedia.com,1,Unruly Group
elmundo-by.accengage.net,1,Urban Airship
marca-com-by.accengage.net,1,Urban Airship
websdk.accengage.net,1,Urban Airship
bs.nakanohito.jp,1,User Local
atp.mxptint.net,1,Valassis Digital
ads.adaptv.advertising.com,3,Verizon Media
video.adaptv.advertising.com,2,Verizon Media
adserver-eu.adtech.advertising.com,2,Verizon Media
tag.sp.advertising.com,1,Verizon Media
redir.adap.tv,1,Verizon Media
pixel.advertising.com,12,Verizon Media
prod-m-node-2111.ssp.advertising.com,1,Verizon Media
verizon.adhaven.com,1,Verizon Media
aka-cdn.adtechus.com,2,Verizon Media
cdn-ssl.vidible.tv,1,Verizon Media
delivery.vidible.tv,1,Verizon Media
img.vidible.tv,1,Verizon Media
trk.vidible.tv,1,Verizon Media
ad11.adfarm1.adition.com,2,Virtual Minds
dmp.theadex.com,2,Virtual Minds
ad11p.adfarm1.adition.com,2,Virtual Minds
dsp.adfarm1.adition.com,1,Virtual Minds
imagesrv.adition.com,4,Virtual Minds
ad.yieldlab.net,2,Virtual Minds
api.theadex.com,1,Virtual Minds
static.pulse.mail.ru,1,VK
recostream.go.mail.ru,1,VK
suggests.go.mail.ru,1,Vk
r3.mail.ru,1,VK
reklama.mail.ru,1,VK
rs.mail.ru,1,VK
top-fwz1.mail.ru,6,VK
xray.mail.ru,1,VK
ad.mail.ru,9,VK
an.mail.ru,1,VK
bar.love.mail.ru,1,VK
connect.mail.ru,2,VK
mail.ru,1,VK
portal.mail.ru,1,VK
vk.com,10,VK
s.polymorph.walmart.com,1,Walmart
walmart.com,1,Walmart
beacon.walmart.com,1,Walmart
tap.walmart.com,1,Walmart
analytics.webgains.io,1,Webgains
trackad.cz,1,webgarden
ilfattoquotidianoit.solution.weborama.fr,1,Weborama
rd.frontend.weborama.fr,1,Weborama
redirect.frontend.weborama.fr,3,Weborama
bsd.frontend.weborama.fr,2,Weborama
cstatic.weborama.fr,6,Weborama
groupelaposte.solution.weborama.fr,1,Weborama
wfpscripts.webspectator.com,1,Webspectator
responder.wt-safetag.com,1,Webtrekk
whos.amung.us,1,whos.amung.us
vignette.wikia.nocookie.net,1,Nocookie
dev.visualwebsiteoptimizer.com,3,Wingify
wp.pl,1,Wirtualna Polska
cdnt1.wp.pl,1,Wirtualna Polska
cdnt10.wp.pl,1,Wirtualna Polska
cdnt2.wp.pl,1,Wirtualna Polska
cdnt3.wp.pl,1,Wirtualna Polska
cdnt4.wp.pl,1,Wirtualna Polska
cdnt5.wp.pl,1,Wirtualna Polska
cdnt6.wp.pl,1,Wirtualna Polska
cdnt7.wp.pl,1,Wirtualna Polska
cdnt8.wp.pl,1,Wirtualna Polska
cdnt9.wp.pl,1,Wirtualna Polska
s10.histats.com,2,wisecode
static-tagr.gd1.mookie1.com,1,WPP
in-gmtdmp.mookie1.com,1,WPP
odr.mookie1.com,9,WPP
tr-gmtdmp.mookie1.com,1,WPP
cdn.mookie1.com,4,WPP
de-gmtdmp.mookie1.com,1,WPP
oao-js-tag.onemobile.yahoo.com,1,Yahoo
sp.analytics.yahoo.com,1,Yahoo
lpt.c.yimg.jp,1,Yahoo
quriosity-pctr.c.yimg.jp,1,Yahoo
yads.c.yimg.jp,3,Yahoo
service.idsync.analytics.yahoo.com,2,Yahoo
im.ov.yahoo.co.jp,1,Yahoo
ads.yahoo.com,11,Yahoo
ads.yap.yahoo.com,3,Yahoo
ap-southeast-1.onemobile.yahoo.com,2,Yahoo
b10.yahoo.co.jp,1,yahoo
b12.yahoo.co.jp,1,yahoo
b92.yahoo.co.jp,1,yahoo
b95.yahoo.co.jp,1,yahoo
bats.video.yahoo.com,1,Yahoo
c2shb.ssp.yahoo.com,2,Yahoo
cms.analytics.yahoo.com,2,Yahoo
cookiex.ngd.yahoo.com,1,Yahoo
dsb.yahoo.co.jp,1,Yahoo
edgecast-cf-prod.yahoo.net,1,Yahoo
ganon.yahoo.com,2,Yahoo
geo.yahoo.com,5,Yahoo
guce.yahoo.com,1,Yahoo
in.yahoo.com,1,Yahoo
logql.yahoo.co.jp,1,Yahoo
opus.analytics.yahoo.com,1,Yahoo
pushlist-yjapp.yahoo.co.jp,1,Yahoo
pvtag.yahoo.co.jp,1,Yahoo
quriosity.yahoo.co.jp,1,Yahoo
readmo.yahoo.com,1,Yahoo
tag.idsync.analytics.yahoo.com,1,Yahoo
tp2.beap.gemini.yahoo.com,1,Yahoo
udc.yahoo.com,3,Yahoo
ups.analytics.yahoo.com,2,Yahoo
video-api.yql.yahoo.com,1,Yahoo
yeas.yahoo.co.jp,1,Yahoo
yjtag.yahoo.co.jp,1,Yahoo
pr-bh.ybp.yahoo.com,4,Yahoo
s.yimg.jp,4,Yahoo
s.yjtag.jp,1,Yahoo
yads.yjtag.yahoo.co.jp,1,Yahoo
matchid.adfox.yandex.ru,14,Yandex
yandex.ru,5,Yandex
ads.adfox.ru,14,Yandex
an.yandex.ru,14,Yandex
api.passport.yandex.ru,1,Yandex
awaps.yandex.ru,1,Yandex
bs.yandex.ru,1,Yandex
frontend.vh.yandex.ru,2,Yandex
http-check-headers.yandex.ru,2,Yandex
jstracer.yandex.ru,1,Yandex
mc.yandex.ru,34,Yandex
uptime-info.yandex.ru,1,Yandex
web-metrica.yandex.ru,1,Yandex
yabs.yandex.ru,1,Yandex
zen.yandex.ru,1,Yandex
cdn-a.yieldlove.com,1,Yieldlove
3407.tm.zedo.com,1,Zedo
p.rfihub.com,3,Zeta Global
15.zorosrv.com,1,Zorosrv